,0,1,2
0,u1,s279,0
1,u2,s598,0
2,u2,s38,0
3,u5,s137,0
4,u6,s692,0
5,u6,s73,0
6,u6,s510,0
7,u6,s129,0
8,u6,s757,0
9,u11,s237,0
10,u13,s29,0
11,u13,s522,0
12,u13,s136,0
13,u13,s130,0
14,u15,s630,0
15,u17,s430,0
16,u17,s358,0
17,u17,s704,0
18,u17,s498,0
19,u17,s355,0
20,u18,s734,0
21,u19,s378,0
22,u19,s347,0
23,u19,s693,0
24,u20,s321,0
25,u20,s663,0
26,u25,s251,0
27,u25,s150,0
28,u26,s751,0
29,u26,s520,0
30,u26,s73,0
31,u28,s35,0
32,u28,s785,0
33,u29,s261,0
34,u29,s754,0
35,u29,s259,0
36,u31,s530,0
37,u32,s268,0
38,u32,s36,0
39,u33,s639,0
40,u33,s680,0
41,u34,s120,0
42,u35,s610,0
43,u35,s718,0
44,u36,s159,0
45,u36,s593,0
46,u36,s303,0
47,u36,s550,0
48,u40,s138,0
49,u40,s439,0
50,u41,s212,0
51,u42,s104,0
52,u42,s356,0
53,u42,s112,0
54,u42,s721,0
55,u45,s590,0
56,u46,s36,0
57,u46,s193,0
58,u46,s687,0
59,u46,s116,0
60,u46,s735,0
61,u48,s62,0
62,u49,s34,0
63,u51,s387,0
64,u51,s610,0
65,u51,s164,0
66,u51,s697,0
67,u51,s42,0
68,u55,s138,0
69,u55,s766,0
70,u55,s66,0
71,u56,s305,0
72,u56,s409,0
73,u57,s766,0
74,u57,s71,0
75,u59,s564,0
76,u60,s330,0
77,u60,s50,0
78,u61,s590,0
79,u62,s112,0
80,u62,s444,0
81,u63,s551,0
82,u65,s545,0
83,u67,s400,0
84,u67,s594,0
85,u68,s613,0
86,u72,s10,0
87,u72,s151,0
88,u72,s85,0
89,u73,s407,0
90,u73,s298,0
91,u74,s424,0
92,u74,s46,0
93,u74,s12,0
94,u75,s636,0
95,u75,s86,0
96,u76,s509,0
97,u76,s547,0
98,u76,s105,0
99,u77,s763,0
100,u77,s248,0
101,u77,s651,0
102,u77,s701,0
103,u77,s521,0
104,u77,s90,0
105,u78,s194,0
106,u78,s760,0
107,u78,s758,0
108,u78,s422,0
109,u79,s653,0
110,u79,s258,0
111,u79,s708,0
112,u80,s485,0
113,u80,s364,0
114,u81,s435,0
115,u81,s735,0
116,u82,s331,0
117,u83,s501,0
118,u83,s301,0
119,u83,s556,0
120,u84,s779,0
121,u85,s727,0
122,u85,s605,0
123,u86,s242,0
124,u86,s114,0
125,u86,s773,0
126,u87,s422,0
127,u89,s394,0
128,u89,s393,0
129,u89,s746,0
130,u89,s121,0
131,u89,s92,0
132,u92,s530,0
133,u92,s444,0
134,u92,s589,0
135,u92,s579,0
136,u94,s773,0
137,u95,s31,0
138,u95,s460,0
139,u96,s267,0
140,u96,s651,0
141,u96,s47,0
142,u96,s42,0
143,u96,s32,0
144,u96,s663,0
145,u96,s345,0
146,u99,s499,0
147,u100,s341,0
148,u100,s617,0
149,u101,s284,0
150,u101,s56,0
151,u101,s66,0
152,u102,s448,0
153,u105,s415,0
154,u106,s764,0
155,u106,s218,0
156,u106,s49,0
157,u106,s550,0
158,u106,s477,0
159,u109,s610,0
160,u109,s725,0
161,u111,s107,0
162,u111,s63,0
163,u111,s412,0
164,u113,s488,0
165,u113,s316,0
166,u113,s727,0
167,u116,s566,0
168,u117,s116,0
169,u117,s255,0
170,u117,s412,0
171,u120,s354,0
172,u120,s382,0
173,u121,s430,0
174,u121,s151,0
175,u121,s45,0
176,u121,s44,0
177,u122,s251,0
178,u122,s573,0
179,u122,s718,0
180,u123,s328,0
181,u123,s396,0
182,u124,s267,0
183,u124,s347,0
184,u124,s565,0
185,u125,s333,0
186,u126,s489,0
187,u127,s379,0
188,u127,s160,0
189,u127,s448,0
190,u127,s337,0
191,u128,s718,0
192,u128,s586,0
193,u128,s605,0
194,u129,s730,0
195,u129,s480,0
196,u130,s237,0
197,u130,s526,0
198,u131,s410,0
199,u132,s403,0
200,u133,s736,0
201,u133,s337,0
202,u133,s511,0
203,u133,s407,0
204,u133,s323,0
205,u134,s242,0
206,u136,s389,0
207,u136,s179,0
208,u136,s157,0
209,u136,s181,0
210,u136,s574,0
211,u136,s515,0
212,u137,s73,0
213,u137,s429,0
214,u139,s182,0
215,u139,s448,0
216,u139,s766,0
217,u139,s72,0
218,u141,s98,0
219,u141,s259,0
220,u143,s522,0
221,u143,s261,0
222,u145,s103,0
223,u145,s299,0
224,u145,s22,0
225,u146,s511,0
226,u146,s167,0
227,u146,s261,0
228,u147,s11,0
229,u147,s564,0
230,u148,s727,0
231,u148,s44,0
232,u149,s272,0
233,u149,s481,0
234,u149,s473,0
235,u149,s184,0
236,u150,s63,0
237,u150,s667,0
238,u150,s174,0
239,u152,s499,0
240,u152,s557,0
241,u154,s351,0
242,u154,s421,0
243,u154,s453,0
244,u154,s520,0
245,u154,s529,0
246,u154,s630,0
247,u155,s202,0
248,u155,s457,0
249,u156,s74,0
250,u156,s75,0
251,u156,s104,0
252,u156,s108,0
253,u156,s143,0
254,u156,s414,0
255,u157,s72,0
256,u160,s582,0
257,u162,s6,0
258,u162,s725,0
259,u164,s216,0
260,u164,s130,0
261,u164,s67,0
262,u164,s548,0
263,u165,s595,0
264,u165,s163,0
265,u165,s110,0
266,u165,s513,0
267,u165,s459,0
268,u166,s486,0
269,u169,s353,0
270,u169,s362,0
271,u173,s20,0
272,u173,s522,0
273,u177,s59,0
274,u177,s202,0
275,u178,s150,0
276,u180,s244,0
277,u180,s732,0
278,u180,s351,0
279,u182,s305,0
280,u183,s502,0
281,u183,s510,0
282,u183,s792,0
283,u183,s452,0
284,u183,s507,0
285,u183,s564,0
286,u184,s472,0
287,u184,s428,0
288,u185,s479,0
289,u185,s679,0
290,u185,s417,0
291,u186,s257,0
292,u186,s393,0
293,u190,s70,0
294,u191,s718,0
295,u191,s566,0
296,u191,s277,0
297,u191,s203,0
298,u191,s579,0
299,u192,s99,0
300,u192,s768,0
301,u196,s780,0
302,u196,s304,0
303,u197,s349,0
304,u197,s622,0
305,u197,s498,0
306,u197,s203,0
307,u197,s226,0
308,u198,s165,0
309,u198,s166,0
310,u200,s333,0
311,u200,s472,0
312,u201,s683,0
313,u202,s514,0
314,u202,s527,0
315,u203,s708,0
316,u204,s636,0
317,u204,s790,0
318,u204,s568,0
319,u205,s605,0
320,u208,s77,0
321,u208,s448,0
322,u210,s275,0
323,u211,s731,0
324,u211,s143,0
325,u211,s736,0
326,u214,s15,0
327,u216,s442,0
328,u220,s305,0
329,u220,s520,0
330,u221,s627,0
331,u222,s499,0
332,u222,s573,0
333,u223,s45,0
334,u223,s497,0
335,u224,s284,0
336,u224,s605,0
337,u224,s430,0
338,u224,s48,0
339,u224,s312,0
340,u225,s154,0
341,u226,s216,0
342,u226,s529,0
343,u226,s685,0
344,u226,s658,0
345,u227,s275,0
346,u228,s288,0
347,u228,s56,0
348,u228,s256,0
349,u228,s718,0
350,u230,s391,0
351,u230,s99,0
352,u230,s499,0
353,u230,s301,0
354,u230,s419,0
355,u230,s143,0
356,u231,s786,0
357,u231,s528,0
358,u231,s419,0
359,u231,s663,0
360,u231,s601,0
361,u231,s586,0
362,u232,s493,0
363,u232,s316,0
364,u232,s736,0
365,u232,s270,0
366,u232,s589,0
367,u233,s301,0
368,u233,s151,0
369,u233,s171,0
370,u235,s301,0
371,u236,s598,0
372,u237,s309,0
373,u237,s44,0
374,u237,s643,0
375,u238,s347,0
376,u239,s32,0
377,u239,s415,0
378,u239,s442,0
379,u239,s300,0
380,u239,s361,0
381,u239,s330,0
382,u241,s242,0
383,u241,s110,0
384,u242,s37,0
385,u243,s591,0
386,u243,s709,0
387,u243,s682,0
388,u245,s69,0
389,u246,s253,0
390,u246,s413,0
391,u248,s370,0
392,u249,s164,0
393,u251,s568,0
394,u252,s674,0
395,u253,s163,0
396,u254,s659,0
397,u255,s305,0
398,u255,s361,0
399,u255,s428,0
400,u255,s454,0
401,u255,s467,0
402,u255,s527,0
403,u256,s325,0
404,u256,s48,0
405,u256,s446,0
406,u257,s415,0
407,u258,s171,0
408,u258,s396,0
409,u259,s77,0
410,u261,s598,0
411,u264,s465,0
412,u264,s642,0
413,u265,s637,0
414,u266,s570,0
415,u267,s44,0
416,u267,s778,0
417,u268,s364,0
418,u270,s62,0
419,u270,s59,0
420,u270,s432,0
421,u272,s617,0
422,u272,s489,0
423,u272,s605,0
424,u272,s251,0
425,u275,s101,0
426,u276,s512,0
427,u277,s718,0
428,u277,s446,0
429,u280,s383,0
430,u282,s566,0
431,u283,s242,0
432,u286,s514,0
433,u286,s586,0
434,u287,s71,0
435,u288,s273,0
436,u288,s449,0
437,u289,s434,0
438,u289,s342,0
439,u289,s235,0
440,u293,s427,0
441,u293,s454,0
442,u293,s305,0
443,u295,s463,0
444,u297,s338,0
445,u297,s413,0
446,u297,s626,0
447,u298,s77,0
448,u298,s508,0
449,u299,s610,0
450,u303,s337,0
451,u303,s501,0
452,u303,s181,0
453,u304,s315,0
454,u304,s780,0
455,u304,s700,0
456,u304,s586,0
457,u304,s60,0
458,u304,s711,0
459,u304,s397,0
460,u304,s445,0
461,u304,s67,0
462,u304,s724,0
463,u306,s195,0
464,u306,s179,0
465,u307,s588,0
466,u309,s110,0
467,u309,s354,0
468,u309,s531,0
469,u310,s403,0
470,u310,s261,0
471,u310,s515,0
472,u313,s637,0
473,u314,s454,0
474,u314,s517,0
475,u314,s569,0
476,u315,s674,0
477,u315,s130,0
478,u315,s43,0
479,u317,s108,0
480,u317,s237,0
481,u317,s511,0
482,u318,s383,0
483,u319,s430,0
484,u319,s297,0
485,u319,s192,0
486,u320,s443,0
487,u321,s77,0
488,u322,s266,0
489,u323,s581,0
490,u324,s439,0
491,u325,s18,0
492,u325,s660,0
493,u325,s718,0
494,u327,s468,0
495,u327,s391,0
496,u327,s42,0
497,u327,s562,0
498,u328,s410,0
499,u328,s403,0
500,u328,s584,0
501,u328,s571,0
502,u329,s69,0
503,u330,s569,0
504,u330,s105,0
505,u331,s362,0
506,u332,s143,0
507,u332,s169,0
508,u332,s515,0
509,u332,s766,0
510,u332,s514,0
511,u333,s74,0
512,u333,s732,0
513,u334,s49,0
514,u334,s792,0
515,u335,s685,0
516,u336,s593,0
517,u336,s277,0
518,u336,s235,0
519,u337,s66,0
520,u337,s473,0
521,u337,s307,0
522,u337,s501,0
523,u340,s519,0
524,u342,s571,0
525,u342,s573,0
526,u344,s373,0
527,u346,s787,0
528,u347,s301,0
529,u347,s202,0
530,u347,s333,0
531,u351,s573,0
532,u351,s718,0
533,u351,s627,0
534,u352,s727,0
535,u352,s340,0
536,u352,s457,0
537,u352,s251,0
538,u352,s40,0
539,u352,s623,0
540,u353,s481,0
541,u353,s409,0
542,u353,s26,0
543,u354,s576,0
544,u354,s738,0
545,u356,s254,0
546,u359,s588,0
547,u359,s623,0
548,u360,s482,0
549,u362,s573,0
550,u363,s600,0
551,u365,s614,0
552,u367,s329,0
553,u369,s529,0
554,u370,s307,0
555,u372,s690,0
556,u372,s59,0
557,u373,s466,0
558,u373,s499,0
559,u373,s220,0
560,u375,s547,0
561,u376,s617,0
562,u376,s202,0
563,u376,s69,0
564,u376,s271,0
565,u377,s505,0
566,u378,s56,0
567,u379,s401,0
568,u380,s508,0
569,u382,s99,0
570,u382,s434,0
571,u385,s720,0
572,u387,s148,0
573,u387,s568,0
574,u387,s783,0
575,u387,s414,0
576,u387,s15,0
577,u389,s375,0
578,u390,s581,0
579,u390,s34,0
580,u390,s340,0
581,u392,s664,0
582,u392,s786,0
583,u392,s661,0
584,u392,s338,0
585,u393,s655,0
586,u393,s266,0
587,u393,s524,0
588,u394,s302,0
589,u394,s330,0
590,u395,s768,0
591,u395,s615,0
592,u396,s567,0
593,u396,s298,0
594,u396,s152,0
595,u397,s98,0
596,u397,s189,0
597,u397,s337,0
598,u397,s448,0
599,u398,s591,0
600,u398,s584,0
601,u399,s517,0
602,u404,s286,0
603,u404,s174,0
604,u407,s499,0
605,u407,s277,0
606,u407,s371,0
607,u410,s154,0
608,u410,s403,0
609,u411,s669,0
610,u412,s340,0
611,u412,s87,0
612,u413,s261,0
613,u414,s257,0
614,u415,s403,0
615,u415,s352,0
616,u415,s586,0
617,u418,s766,0
618,u418,s499,0
619,u419,s35,0
620,u419,s410,0
621,u419,s579,0
622,u421,s472,0
623,u422,s460,0
624,u422,s489,0
625,u424,s337,0
626,u425,s433,0
627,u428,s430,0
628,u428,s482,0
629,u428,s288,0
630,u428,s409,0
631,u428,s101,0
632,u430,s444,0
633,u430,s207,0
634,u430,s261,0
635,u432,s104,0
636,u432,s330,0
637,u433,s557,0
638,u433,s617,0
639,u434,s740,0
640,u434,s542,0
641,u436,s433,0
642,u437,s104,0
643,u438,s364,0
644,u439,s571,0
645,u440,s472,0
646,u441,s69,0
647,u441,s526,0
648,u441,s42,0
649,u441,s403,0
650,u441,s165,0
651,u441,s72,0
652,u442,s308,0
653,u442,s748,0
654,u443,s498,0
655,u444,s143,0
656,u445,s338,0
657,u446,s407,0
658,u446,s235,0
659,u446,s351,0
660,u446,s123,0
661,u447,s346,0
662,u447,s481,0
663,u447,s307,0
664,u447,s230,0
665,u447,s690,0
666,u447,s362,0
667,u448,s90,0
668,u448,s781,0
669,u448,s671,0
670,u449,s273,0
671,u450,s333,0
672,u455,s576,0
673,u455,s101,0
674,u455,s14,0
675,u456,s234,0
676,u458,s69,0
677,u458,s453,0
678,u462,s776,0
679,u462,s440,0
680,u465,s653,0
681,u465,s245,0
682,u467,s305,0
683,u468,s337,0
684,u468,s627,0
685,u469,s719,0
686,u471,s212,0
687,u472,s634,0
688,u473,s354,0
689,u473,s140,0
690,u475,s18,0
691,u475,s123,0
692,u476,s257,0
693,u476,s494,0
694,u476,s410,0
695,u477,s763,0
696,u477,s647,0
697,u477,s82,0
698,u480,s772,0
699,u480,s708,0
700,u481,s364,0
701,u481,s754,0
702,u481,s146,0
703,u482,s574,0
704,u482,s598,0
705,u483,s253,0
706,u483,s601,0
707,u484,s389,0
708,u484,s562,0
709,u485,s265,0
710,u488,s433,0
711,u489,s548,0
712,u489,s586,0
713,u490,s330,0
714,u490,s531,0
715,u490,s441,0
716,u490,s150,0
717,u493,s499,0
718,u493,s605,0
719,u494,s450,0
720,u494,s267,0
721,u498,s407,0
722,u498,s349,0
723,u499,s405,0
724,u499,s468,0
725,u500,s725,0
726,u500,s659,0
727,u501,s642,0
728,u502,s736,0
729,u503,s622,0
730,u503,s519,0
731,u505,s37,0
732,u505,s155,0
733,u507,s411,0
734,u508,s13,0
735,u508,s300,0
736,u509,s646,0
737,u509,s517,0
738,u509,s143,0
739,u510,s132,0
740,u513,s732,0
741,u514,s183,0
742,u515,s669,0
743,u515,s13,0
744,u515,s716,0
745,u515,s49,0
746,u515,s519,0
747,u516,s22,0
748,u520,s153,0
749,u520,s190,0
750,u520,s787,0
751,u521,s318,0
752,u522,s494,0
753,u523,s733,0
754,u523,s718,0
755,u524,s28,0
756,u525,s637,0
757,u525,s605,0
758,u525,s428,0
759,u527,s99,0
760,u527,s316,0
761,u527,s516,0
762,u528,s642,0
763,u529,s63,0
764,u530,s429,0
765,u531,s143,0
766,u532,s781,0
767,u535,s302,0
768,u535,s351,0
769,u537,s473,0
770,u537,s556,0
771,u537,s637,0
772,u538,s99,0
773,u539,s605,0
774,u540,s439,0
775,u541,s343,0
776,u541,s466,0
777,u542,s175,0
778,u543,s623,0
779,u543,s25,0
780,u543,s419,0
781,u544,s200,0
782,u544,s502,0
783,u544,s317,0
784,u544,s53,0
785,u544,s70,0
786,u545,s299,0
787,u547,s190,0
788,u549,s343,0
789,u549,s690,0
790,u549,s458,0
791,u550,s725,0
792,u552,s43,0
793,u553,s516,0
794,u553,s347,0
795,u555,s188,0
796,u555,s306,0
797,u555,s615,0
798,u555,s117,0
799,u555,s759,0
800,u556,s387,0
801,u556,s176,0
802,u557,s337,0
803,u557,s407,0
804,u557,s301,0
805,u557,s202,0
806,u558,s768,0
807,u558,s448,0
808,u558,s69,0
809,u558,s221,0
810,u559,s389,0
811,u559,s653,0
812,u561,s283,0
813,u561,s505,0
814,u562,s69,0
815,u562,s257,0
816,u563,s215,0
817,u563,s241,0
818,u565,s591,0
819,u565,s446,0
820,u565,s34,0
821,u567,s650,0
822,u568,s104,0
823,u569,s389,0
824,u569,s562,0
825,u569,s468,0
826,u569,s446,0
827,u570,s605,0
828,u570,s748,0
829,u570,s301,0
830,u570,s354,0
831,u573,s384,0
832,u573,s50,0
833,u573,s20,0
834,u573,s221,0
835,u573,s708,0
836,u573,s419,0
837,u573,s379,0
838,u574,s61,0
839,u574,s442,0
840,u574,s207,0
841,u576,s62,0
842,u576,s140,0
843,u577,s523,0
844,u579,s485,0
845,u580,s512,0
846,u581,s234,0
847,u581,s235,0
848,u582,s160,0
849,u582,s441,0
850,u582,s473,0
851,u584,s468,0
852,u585,s738,0
853,u585,s92,0
854,u585,s437,0
855,u585,s664,0
856,u587,s286,0
857,u587,s512,0
858,u587,s686,0
859,u587,s242,0
860,u587,s556,0
861,u589,s299,0
862,u592,s32,0
863,u592,s473,0
864,u595,s351,0
865,u595,s174,0
866,u595,s59,0
867,u598,s162,0
868,u598,s419,0
869,u598,s407,0
870,u598,s571,0
871,u600,s99,0
872,u600,s32,0
873,u600,s277,0
874,u600,s455,0
875,u601,s277,0
876,u604,s672,0
877,u604,s203,0
878,u605,s659,0
879,u605,s305,0
880,u605,s221,0
881,u605,s344,0
882,u605,s300,0
883,u607,s444,0
884,u608,s401,0
885,u609,s566,0
886,u609,s772,0
887,u609,s174,0
888,u611,s301,0
889,u611,s242,0
890,u614,s602,0
891,u615,s167,0
892,u615,s529,0
893,u616,s607,0
894,u619,s481,0
895,u619,s361,0
896,u619,s472,0
897,u619,s698,0
898,u620,s308,0
899,u620,s529,0
900,u624,s605,0
901,u625,s281,0
902,u628,s191,0
903,u630,s627,0
904,u631,s634,0
905,u631,s77,0
906,u631,s752,0
907,u632,s57,0
908,u632,s140,0
909,u633,s329,0
910,u633,s337,0
911,u634,s517,0
912,u634,s307,0
913,u635,s434,0
914,u635,s566,0
915,u635,s556,0
916,u638,s396,0
917,u640,s202,0
918,u640,s416,0
919,u640,s605,0
920,u641,s518,0
921,u641,s448,0
922,u641,s637,0
923,u642,s699,0
924,u642,s388,0
925,u642,s473,0
926,u644,s308,0
927,u645,s260,0
928,u645,s203,0
929,u645,s444,0
930,u647,s520,0
931,u647,s529,0
932,u649,s200,0
933,u650,s124,0
934,u651,s280,0
935,u651,s260,0
936,u651,s256,0
937,u654,s396,0
938,u655,s99,0
939,u655,s445,0
940,u656,s16,0
941,u656,s676,0
942,u657,s167,0
943,u657,s114,0
944,u663,s343,0
945,u663,s202,0
946,u664,s34,0
947,u665,s587,0
948,u667,s271,0
949,u667,s59,0
950,u669,s442,0
951,u669,s34,0
952,u671,s522,0
953,u671,s203,0
954,u671,s362,0
955,u671,s260,0
956,u672,s407,0
957,u672,s32,0
958,u674,s509,0
959,u674,s42,0
960,u676,s351,0
961,u676,s413,0
962,u676,s454,0
963,u676,s526,0
964,u677,s68,0
965,u678,s216,0
966,u678,s642,0
967,u681,s528,0
968,u681,s305,0
969,u681,s340,0
970,u681,s488,0
971,u682,s143,0
972,u682,s614,0
973,u682,s736,0
974,u683,s299,0
975,u683,s508,0
976,u683,s731,0
977,u684,s37,0
978,u685,s150,0
979,u686,s336,0
980,u687,s407,0
981,u687,s302,0
982,u693,s526,0
983,u693,s18,0
984,u694,s333,0
985,u694,s512,0
986,u695,s485,0
987,u695,s575,0
988,u695,s125,0
989,u695,s473,0
990,u696,s403,0
991,u696,s722,0
992,u697,s305,0
993,u697,s556,0
994,u698,s505,0
995,u699,s202,0
996,u700,s24,0
997,u700,s64,0
998,u701,s32,0
999,u701,s428,0
1000,u702,s517,0
1001,u703,s591,0
1002,u703,s351,0
1003,u705,s190,0
1004,u706,s104,0
1005,u706,s465,0
1006,u707,s260,0
1007,u707,s714,0
1008,u707,s766,0
1009,u708,s132,0
1010,u711,s446,0
1011,u711,s515,0
1012,u711,s595,0
1013,u711,s337,0
1014,u712,s50,0
1015,u712,s248,0
1016,u714,s375,0
1017,u715,s684,0
1018,u715,s500,0
1019,u715,s96,0
1020,u715,s347,0
1021,u715,s59,0
1022,u715,s736,0
1023,u716,s584,0
1024,u716,s517,0
1025,u718,s122,0
1026,u719,s271,0
1027,u720,s723,0
1028,u724,s132,0
1029,u724,s419,0
1030,u724,s301,0
1031,u724,s342,0
1032,u724,s637,0
1033,u726,s626,0
1034,u727,s10,0
1035,u727,s362,0
1036,u727,s433,0
1037,u728,s273,0
1038,u729,s471,0
1039,u732,s541,0
1040,u732,s787,0
1041,u732,s667,0
1042,u733,s503,0
1043,u733,s698,0
1044,u735,s198,0
1045,u736,s708,0
1046,u738,s436,0
1047,u738,s642,0
1048,u741,s477,0
1049,u741,s664,0
1050,u741,s183,0
1051,u743,s614,0
1052,u744,s34,0
1053,u744,s419,0
1054,u744,s539,0
1055,u745,s167,0
1056,u745,s512,0
1057,u747,s234,0
1058,u748,s472,0
1059,u748,s553,0
1060,u749,s723,0
1061,u749,s32,0
1062,u751,s99,0
1063,u752,s341,0
1064,u752,s35,0
1065,u752,s708,0
1066,u752,s56,0
1067,u753,s155,0
1068,u753,s493,0
1069,u754,s99,0
1070,u756,s671,0
1071,u759,s419,0
1072,u759,s489,0
1073,u759,s277,0
1074,u759,s169,0
1075,u761,s301,0
1076,u761,s432,0
1077,u762,s261,0
1078,u762,s277,0
1079,u762,s718,0
1080,u762,s34,0
1081,u762,s432,0
1082,u766,s73,0
1083,u767,s347,0
1084,u768,s222,0
1085,u768,s364,0
1086,u768,s682,0
1087,u768,s18,0
1088,u769,s150,0
1089,u769,s302,0
1090,u769,s407,0
1091,u769,s718,0
1092,u771,s102,0
1093,u772,s529,0
1094,u773,s261,0
1095,u773,s584,0
1096,u775,s169,0
1097,u775,s260,0
1098,u776,s84,0
1099,u776,s243,0
1100,u778,s203,0
1101,u780,s34,0
1102,u780,s36,0
1103,u780,s787,0
1104,u781,s558,0
1105,u781,s515,0
1106,u781,s104,0
1107,u782,s340,0
1108,u783,s426,0
1109,u784,s625,0
1110,u784,s791,0
1111,u785,s499,0
1112,u785,s415,0
1113,u791,s277,0
1114,u791,s428,0
1115,u792,s77,0
1116,u792,s736,0
1117,u794,s302,0
1118,u794,s101,0
1119,u794,s654,0
1120,u794,s672,0
1121,u795,s282,0
1122,u796,s116,0
1123,u797,s666,0
1124,u797,s69,0
1125,u797,s34,0
1126,u798,s244,0
1127,u798,s3,0
1128,u799,s237,0
1129,u799,s242,0
1130,u801,s360,0
1131,u803,s99,0
1132,u803,s441,0
1133,u805,s116,0
1134,u805,s173,0
1135,u805,s183,0
1136,u805,s526,0
1137,u806,s446,0
1138,u806,s601,0
1139,u807,s468,0
1140,u809,s473,0
1141,u809,s183,0
1142,u810,s533,0
1143,u810,s515,0
1144,u810,s690,0
1145,u811,s45,0
1146,u811,s433,0
1147,u811,s598,0
1148,u813,s62,0
1149,u813,s98,0
1150,u813,s190,0
1151,u813,s531,0
1152,u813,s772,0
1153,u814,s301,0
1154,u814,s72,0
1155,u814,s20,0
1156,u814,s43,0
1157,u814,s661,0
1158,u814,s153,0
1159,u814,s34,0
1160,u816,s410,0
1161,u818,s594,0
1162,u820,s351,0
1163,u820,s20,0
1164,u820,s548,0
1165,u823,s96,0
1166,u823,s458,0
1167,u824,s659,0
1168,u824,s444,0
1169,u825,s690,0
1170,u825,s481,0
1171,u827,s407,0
1172,u827,s42,0
1173,u827,s333,0
1174,u830,s441,0
1175,u830,s520,0
1176,u830,s787,0
1177,u831,s735,0
1178,u831,s392,0
1179,u833,s234,0
1180,u833,s407,0
1181,u834,s748,0
1182,u835,s146,0
1183,u835,s637,0
1184,u835,s560,0
1185,u835,s330,0
1186,u836,s379,0
1187,u836,s89,0
1188,u836,s769,0
1189,u837,s301,0
1190,u837,s585,0
1191,u837,s342,0
1192,u837,s415,0
1193,u838,s302,0
1194,u839,s104,0
1195,u839,s32,0
1196,u839,s331,0
1197,u839,s255,0
1198,u839,s516,0
1199,u841,s351,0
1200,u842,s122,0
1201,u842,s202,0
1202,u842,s419,0
1203,u843,s235,0
1204,u843,s441,0
1205,u845,s149,0
1206,u847,s362,0
1207,u851,s520,0
1208,u852,s75,0
1209,u852,s494,0
1210,u853,s217,0
1211,u853,s446,0
1212,u853,s767,0
1213,u853,s110,0
1214,u853,s331,0
1215,u854,s494,0
1216,u854,s444,0
1217,u854,s508,0
1218,u856,s362,0
1219,u857,s264,0
1220,u858,s40,0
1221,u858,s253,0
1222,u859,s317,0
1223,u859,s700,0
1224,u861,s573,0
1225,u861,s101,0
1226,u861,s473,0
1227,u861,s617,0
1228,u862,s48,0
1229,u862,s263,0
1230,u862,s391,0
1231,u862,s623,0
1232,u863,s598,0
1233,u864,s35,0
1234,u867,s308,0
1235,u867,s160,0
1236,u868,s273,0
1237,u868,s769,0
1238,u869,s569,0
1239,u869,s430,0
1240,u869,s244,0
1241,u869,s87,0
1242,u870,s273,0
1243,u870,s338,0
1244,u870,s473,0
1245,u872,s463,0
1246,u872,s610,0
1247,u873,s787,0
1248,u874,s574,0
1249,u874,s291,0
1250,u875,s63,0
1251,u875,s340,0
1252,u875,s337,0
1253,u876,s407,0
1254,u879,s527,0
1255,u879,s768,0
1256,u880,s403,0
1257,u880,s35,0
1258,u880,s281,0
1259,u880,s308,0
1260,u880,s448,0
1261,u881,s351,0
1262,u881,s471,0
1263,u882,s588,0
1264,u884,s183,0
1265,u885,s499,0
1266,u885,s351,0
1267,u885,s473,0
1268,u885,s486,0
1269,u886,s95,0
1270,u886,s183,0
1271,u887,s200,0
1272,u888,s441,0
1273,u888,s516,0
1274,u888,s718,0
1275,u889,s12,0
1276,u889,s733,0
1277,u889,s739,0
1278,u890,s164,0
1279,u890,s303,0
1280,u892,s485,0
1281,u893,s637,0
1282,u893,s63,0
1283,u893,s468,0
1284,u895,s375,0
1285,u898,s66,0
1286,u898,s202,0
1287,u900,s150,0
1288,u900,s373,0
1289,u901,s200,0
1290,u901,s359,0
1291,u902,s45,0
1292,u902,s48,0
1293,u902,s269,0
1294,u903,s42,0
1295,u903,s43,0
1296,u904,s77,0
1297,u904,s99,0
1298,u905,s42,0
1299,u907,s571,0
1300,u907,s13,0
1301,u909,s66,0
1302,u911,s483,0
1303,u916,s548,0
1304,u916,s627,0
1305,u916,s267,0
1306,u916,s448,0
1307,u917,s312,0
1308,u917,s354,0
1309,u917,s301,0
1310,u917,s546,0
1311,u917,s654,0
1312,u917,s220,0
1313,u918,s571,0
1314,u918,s756,0
1315,u919,s251,0
1316,u922,s316,0
1317,u923,s75,0
1318,u923,s143,0
1319,u923,s155,0
1320,u923,s670,0
1321,u924,s77,0
1322,u924,s242,0
1323,u925,s670,0
1324,u925,s147,0
1325,u926,s610,0
1326,u926,s165,0
1327,u926,s233,0
1328,u926,s584,0
1329,u926,s80,0
1330,u927,s718,0
1331,u927,s579,0
1332,u930,s12,0
1333,u930,s169,0
1334,u930,s729,0
1335,u931,s573,0
1336,u931,s271,0
1337,u931,s557,0
1338,u933,s406,0
1339,u933,s671,0
1340,u935,s485,0
1341,u936,s516,0
1342,u936,s527,0
1343,u937,s759,0
1344,u937,s433,0
1345,u938,s261,0
1346,u938,s522,0
1347,u938,s99,0
1348,u939,s522,0
1349,u939,s69,0
1350,u939,s364,0
1351,u940,s13,0
1352,u940,s393,0
1353,u940,s679,0
1354,u940,s434,0
1355,u942,s415,0
1356,u943,s682,0
1357,u943,s752,0
1358,u943,s628,0
1359,u943,s379,0
1360,u944,s420,0
1361,u944,s490,0
1362,u945,s12,0
1363,u945,s473,0
1364,u946,s499,0
1365,u946,s271,0
1366,u946,s571,0
1367,u948,s193,0
1368,u951,s273,0
1369,u951,s291,0
1370,u951,s351,0
1371,u951,s571,0
1372,u955,s675,0
1373,u955,s133,0
1374,u955,s347,0
1375,u955,s384,0
1376,u958,s112,0
1377,u958,s549,0
1378,u958,s94,0
1379,u959,s154,0
1380,u959,s439,0
1381,u959,s443,0
1382,u959,s569,0
1383,u962,s353,0
1384,u963,s305,0
1385,u963,s308,0
1386,u963,s637,0
1387,u964,s711,0
1388,u964,s275,0
1389,u964,s243,0
1390,u968,s183,0
1391,u968,s308,0
1392,u968,s361,0
1393,u968,s389,0
1394,u969,s718,0
1395,u969,s224,0
1396,u974,s35,0
1397,u976,s149,0
1398,u977,s401,0
1399,u977,s409,0
1400,u978,s160,0
1401,u978,s472,0
1402,u978,s634,0
1403,u979,s125,0
1404,u979,s122,0
1405,u979,s302,0
1406,u985,s568,0
1407,u986,s410,0
1408,u986,s331,0
1409,u986,s698,0
1410,u986,s257,0
1411,u986,s261,0
1412,u986,s663,0
1413,u986,s384,0
1414,u987,s715,0
1415,u988,s67,0
1416,u988,s104,0
1417,u991,s90,0
1418,u991,s306,0
1419,u992,s518,0
1420,u995,s559,0
1421,u995,s230,0
1422,u995,s34,0
1423,u996,s62,0
1424,u996,s226,0
1425,u996,s333,0
1426,u996,s410,0
1427,u996,s428,0
1428,u997,s33,0
1429,u997,s434,0
1430,u997,s719,0
1431,u998,s57,0
1432,u999,s396,0
1433,u1000,s57,0
1434,u1004,s308,0
1435,u1006,s11,0
1436,u1006,s616,0
1437,u1006,s568,0
1438,u1007,s501,0
1439,u1007,s571,0
1440,u1008,s72,0
1441,u1008,s448,0
1442,u1009,s551,0
1443,u1009,s452,0
1444,u1009,s13,0
1445,u1009,s581,0
1446,u1011,s79,0
1447,u1011,s777,0
1448,u1011,s358,0
1449,u1011,s392,0
1450,u1011,s677,0
1451,u1012,s361,0
1452,u1013,s475,0
1453,u1015,s213,0
1454,u1015,s682,0
1455,u1017,s619,0
1456,u1018,s630,0
1457,u1018,s489,0
1458,u1018,s389,0
1459,u1019,s253,0
1460,u1022,s48,0
1461,u1023,s271,0
1462,u1024,s99,0
1463,u1024,s362,0
1464,u1024,s472,0
1465,u1024,s610,0
1466,u1025,s722,0
1467,u1025,s329,0
1468,u1025,s354,0
1469,u1025,s239,0
1470,u1025,s164,0
1471,u1025,s522,0
1472,u1025,s514,0
1473,u1026,s593,0
1474,u1027,s75,0
1475,u1028,s432,0
1476,u1028,s467,0
1477,u1028,s570,0
1478,u1029,s254,0
1479,u1029,s172,0
1480,u1029,s346,0
1481,u1029,s322,0
1482,u1030,s51,0
1483,u1030,s514,0
1484,u1032,s575,0
1485,u1034,s612,0
1486,u1035,s622,0
1487,u1035,s682,0
1488,u1035,s486,0
1489,u1035,s722,0
1490,u1035,s546,0
1491,u1036,s561,0
1492,u1039,s358,0
1493,u1039,s185,0
1494,u1039,s440,0
1495,u1039,s47,0
1496,u1040,s99,0
1497,u1042,s415,0
1498,u1042,s434,0
1499,u1042,s140,0
1500,u1042,s333,0
1501,u1042,s43,0
1502,u1047,s261,0
1503,u1047,s407,0
1504,u1047,s522,0
1505,u1048,s143,0
1506,u1048,s305,0
1507,u1050,s612,0
1508,u1050,s774,0
1509,u1052,s77,0
1510,u1052,s104,0
1511,u1053,s401,0
1512,u1053,s615,0
1513,u1053,s650,0
1514,u1054,s233,0
1515,u1054,s219,0
1516,u1054,s398,0
1517,u1054,s327,0
1518,u1054,s190,0
1519,u1055,s714,0
1520,u1055,s363,0
1521,u1055,s505,0
1522,u1055,s605,0
1523,u1055,s448,0
1524,u1055,s442,0
1525,u1056,s234,0
1526,u1056,s268,0
1527,u1056,s524,0
1528,u1058,s562,0
1529,u1059,s448,0
1530,u1059,s473,0
1531,u1059,s548,0
1532,u1059,s565,0
1533,u1060,s162,0
1534,u1061,s46,0
1535,u1061,s489,0
1536,u1062,s680,0
1537,u1062,s418,0
1538,u1063,s417,0
1539,u1063,s526,0
1540,u1064,s132,0
1541,u1064,s0,0
1542,u1066,s477,0
1543,u1066,s76,0
1544,u1066,s507,0
1545,u1066,s369,0
1546,u1068,s219,0
1547,u1068,s21,0
1548,u1068,s722,0
1549,u1069,s357,0
1550,u1069,s444,0
1551,u1069,s349,0
1552,u1069,s220,0
1553,u1070,s259,0
1554,u1070,s745,0
1555,u1070,s463,0
1556,u1070,s120,0
1557,u1071,s638,0
1558,u1071,s435,0
1559,u1071,s752,0
1560,u1072,s346,0
1561,u1072,s618,0
1562,u1072,s629,0
1563,u1072,s370,0
1564,u1072,s446,0
1565,u1073,s63,0
1566,u1073,s460,0
1567,u1073,s508,0
1568,u1075,s279,0
1569,u1075,s625,0
1570,u1076,s403,0
1571,u1077,s302,0
1572,u1078,s99,0
1573,u1078,s107,0
1574,u1079,s587,0
1575,u1079,s637,0
1576,u1082,s77,0
1577,u1082,s299,0
1578,u1083,s20,0
1579,u1083,s95,0
1580,u1083,s362,0
1581,u1085,s623,0
1582,u1085,s56,0
1583,u1085,s154,0
1584,u1085,s330,0
1585,u1086,s569,0
1586,u1087,s174,0
1587,u1087,s277,0
1588,u1089,s11,0
1589,u1090,s403,0
1590,u1090,s522,0
1591,u1090,s47,0
1592,u1090,s301,0
1593,u1090,s26,0
1594,u1091,s621,0
1595,u1092,s257,0
1596,u1093,s58,0
1597,u1093,s484,0
1598,u1093,s121,0
1599,u1093,s733,0
1600,u1093,s459,0
1601,u1094,s248,0
1602,u1095,s594,0
1603,u1096,s637,0
1604,u1097,s340,0
1605,u1097,s143,0
1606,u1097,s347,0
1607,u1097,s407,0
1608,u1098,s320,0
1609,u1098,s405,0
1610,u1098,s198,0
1611,u1099,s340,0
1612,u1099,s284,0
1613,u1099,s89,0
1614,u1099,s226,0
1615,u1100,s483,0
1616,u1100,s24,0
1617,u1101,s75,0
1618,u1101,s273,0
1619,u1101,s354,0
1620,u1102,s446,0
1621,u1102,s566,0
1622,u1102,s153,0
1623,u1102,s494,0
1624,u1104,s109,0
1625,u1104,s708,0
1626,u1104,s269,0
1627,u1105,s168,0
1628,u1105,s343,0
1629,u1106,s442,0
1630,u1106,s471,0
1631,u1107,s287,0
1632,u1107,s412,0
1633,u1107,s702,0
1634,u1109,s486,0
1635,u1110,s713,0
1636,u1110,s651,0
1637,u1110,s530,0
1638,u1110,s352,0
1639,u1110,s270,0
1640,u1110,s136,0
1641,u1111,s479,0
1642,u1111,s241,0
1643,u1111,s208,0
1644,u1111,s730,0
1645,u1111,s776,0
1646,u1111,s442,0
1647,u1111,s689,0
1648,u1113,s68,0
1649,u1113,s273,0
1650,u1113,s610,0
1651,u1114,s576,0
1652,u1117,s529,0
1653,u1118,s488,0
1654,u1119,s485,0
1655,u1121,s310,0
1656,u1121,s151,0
1657,u1122,s604,0
1658,u1122,s698,0
1659,u1123,s387,0
1660,u1123,s607,0
1661,u1123,s678,0
1662,u1124,s684,0
1663,u1125,s99,0
1664,u1125,s558,0
1665,u1125,s433,0
1666,u1125,s458,0
1667,u1126,s777,0
1668,u1126,s590,0
1669,u1127,s68,0
1670,u1127,s242,0
1671,u1127,s508,0
1672,u1127,s732,0
1673,u1130,s263,0
1674,u1130,s106,0
1675,u1130,s226,0
1676,u1131,s607,0
1677,u1131,s120,0
1678,u1133,s678,0
1679,u1133,s499,0
1680,u1133,s110,0
1681,u1134,s579,0
1682,u1134,s472,0
1683,u1135,s132,0
1684,u1135,s198,0
1685,u1135,s118,0
1686,u1136,s751,0
1687,u1136,s414,0
1688,u1136,s194,0
1689,u1137,s512,0
1690,u1138,s167,0
1691,u1138,s116,0
1692,u1139,s588,0
1693,u1140,s472,0
1694,u1140,s526,0
1695,u1141,s352,0
1696,u1141,s72,0
1697,u1141,s512,0
1698,u1142,s243,0
1699,u1143,s473,0
1700,u1144,s75,0
1701,u1144,s130,0
1702,u1144,s155,0
1703,u1144,s305,0
1704,u1144,s508,0
1705,u1146,s345,0
1706,u1146,s99,0
1707,u1147,s365,0
1708,u1147,s609,0
1709,u1148,s284,0
1710,u1148,s557,0
1711,u1148,s203,0
1712,u1148,s748,0
1713,u1148,s301,0
1714,u1148,s604,0
1715,u1148,s409,0
1716,u1149,s526,0
1717,u1149,s197,0
1718,u1149,s527,0
1719,u1149,s202,0
1720,u1150,s617,0
1721,u1150,s461,0
1722,u1151,s718,0
1723,u1151,s490,0
1724,u1154,s527,0
1725,u1154,s587,0
1726,u1154,s644,0
1727,u1155,s69,0
1728,u1155,s725,0
1729,u1156,s333,0
1730,u1158,s331,0
1731,u1158,s529,0
1732,u1159,s171,0
1733,u1159,s474,0
1734,u1159,s481,0
1735,u1159,s78,0
1736,u1159,s185,0
1737,u1160,s529,0
1738,u1161,s48,0
1739,u1161,s467,0
1740,u1162,s237,0
1741,u1163,s466,0
1742,u1163,s473,0
1743,u1163,s190,0
1744,u1163,s556,0
1745,u1164,s347,0
1746,u1164,s571,0
1747,u1164,s179,0
1748,u1165,s527,0
1749,u1165,s647,0
1750,u1166,s174,0
1751,u1167,s67,0
1752,u1167,s695,0
1753,u1167,s427,0
1754,u1169,s287,0
1755,u1169,s655,0
1756,u1170,s271,0
1757,u1170,s342,0
1758,u1170,s305,0
1759,u1171,s104,0
1760,u1172,s331,0
1761,u1172,s682,0
1762,u1173,s501,0
1763,u1173,s585,0
1764,u1174,s103,0
1765,u1174,s423,0
1766,u1174,s119,0
1767,u1175,s27,0
1768,u1175,s742,0
1769,u1176,s544,0
1770,u1177,s56,0
1771,u1177,s244,0
1772,u1177,s569,0
1773,u1180,s337,0
1774,u1181,s26,0
1775,u1181,s331,0
1776,u1182,s193,0
1777,u1182,s49,0
1778,u1182,s645,0
1779,u1185,s157,0
1780,u1185,s505,0
1781,u1185,s410,0
1782,u1186,s132,0
1783,u1186,s637,0
1784,u1188,s558,0
1785,u1188,s133,0
1786,u1188,s538,0
1787,u1188,s142,0
1788,u1188,s403,0
1789,u1189,s484,0
1790,u1190,s607,0
1791,u1190,s285,0
1792,u1190,s643,0
1793,u1190,s637,0
1794,u1191,s520,0
1795,u1191,s787,0
1796,u1194,s444,0
1797,u1194,s557,0
1798,u1194,s413,0
1799,u1195,s737,0
1800,u1195,s454,0
1801,u1195,s173,0
1802,u1199,s412,0
1803,u1199,s622,0
1804,u1202,s77,0
1805,u1202,s526,0
1806,u1204,s526,0
1807,u1204,s562,0
1808,u1204,s494,0
1809,u1204,s429,0
1810,u1205,s786,0
1811,u1206,s120,0
1812,u1206,s116,0
1813,u1207,s174,0
1814,u1207,s35,0
1815,u1207,s20,0
1816,u1208,s687,0
1817,u1208,s166,0
1818,u1210,s157,0
1819,u1210,s434,0
1820,u1212,s540,0
1821,u1212,s480,0
1822,u1214,s273,0
1823,u1214,s314,0
1824,u1214,s614,0
1825,u1218,s13,0
1826,u1218,s446,0
1827,u1223,s308,0
1828,u1226,s743,0
1829,u1226,s267,0
1830,u1226,s765,0
1831,u1226,s521,0
1832,u1226,s39,0
1833,u1228,s167,0
1834,u1229,s77,0
1835,u1229,s299,0
1836,u1229,s429,0
1837,u1229,s521,0
1838,u1229,s526,0
1839,u1232,s57,0
1840,u1233,s212,0
1841,u1233,s65,0
1842,u1234,s121,0
1843,u1234,s677,0
1844,u1236,s485,0
1845,u1239,s65,0
1846,u1240,s331,0
1847,u1240,s167,0
1848,u1240,s403,0
1849,u1241,s742,0
1850,u1241,s82,0
1851,u1241,s325,0
1852,u1243,s318,0
1853,u1244,s316,0
1854,u1246,s45,0
1855,u1246,s66,0
1856,u1246,s332,0
1857,u1249,s96,0
1858,u1249,s515,0
1859,u1249,s535,0
1860,u1249,s60,0
1861,u1250,s377,0
1862,u1250,s612,0
1863,u1252,s18,0
1864,u1253,s362,0
1865,u1254,s500,0
1866,u1255,s473,0
1867,u1255,s579,0
1868,u1255,s342,0
1869,u1255,s587,0
1870,u1255,s756,0
1871,u1256,s124,0
1872,u1256,s96,0
1873,u1256,s787,0
1874,u1257,s538,0
1875,u1257,s28,0
1876,u1257,s475,0
1877,u1257,s85,0
1878,u1257,s108,0
1879,u1259,s203,0
1880,u1259,s442,0
1881,u1260,s347,0
1882,u1260,s604,0
1883,u1261,s72,0
1884,u1261,s34,0
1885,u1261,s59,0
1886,u1261,s410,0
1887,u1262,s389,0
1888,u1262,s201,0
1889,u1263,s209,0
1890,u1266,s40,0
1891,u1266,s603,0
1892,u1266,s141,0
1893,u1269,s332,0
1894,u1270,s334,0
1895,u1270,s683,0
1896,u1270,s663,0
1897,u1270,s550,0
1898,u1270,s168,0
1899,u1271,s501,0
1900,u1272,s342,0
1901,u1273,s151,0
1902,u1273,s183,0
1903,u1273,s473,0
1904,u1273,s275,0
1905,u1273,s99,0
1906,u1274,s381,0
1907,u1274,s407,0
1908,u1275,s312,0
1909,u1276,s169,0
1910,u1276,s428,0
1911,u1276,s569,0
1912,u1277,s520,0
1913,u1277,s340,0
1914,u1277,s434,0
1915,u1277,s522,0
1916,u1279,s607,0
1917,u1280,s273,0
1918,u1280,s713,0
1919,u1280,s682,0
1920,u1280,s305,0
1921,u1281,s499,0
1922,u1281,s562,0
1923,u1284,s123,0
1924,u1284,s566,0
1925,u1284,s411,0
1926,u1285,s242,0
1927,u1285,s566,0
1928,u1285,s605,0
1929,u1286,s452,0
1930,u1286,s570,0
1931,u1286,s476,0
1932,u1287,s637,0
1933,u1287,s446,0
1934,u1287,s248,0
1935,u1289,s725,0
1936,u1289,s433,0
1937,u1289,s56,0
1938,u1289,s63,0
1939,u1289,s628,0
1940,u1290,s130,0
1941,u1290,s433,0
1942,u1291,s501,0
1943,u1292,s169,0
1944,u1292,s434,0
1945,u1292,s255,0
1946,u1292,s571,0
1947,u1292,s337,0
1948,u1293,s354,0
1949,u1293,s520,0
1950,u1293,s174,0
1951,u1293,s333,0
1952,u1293,s391,0
1953,u1295,s242,0
1954,u1295,s58,0
1955,u1298,s196,0
1956,u1298,s257,0
1957,u1298,s187,0
1958,u1299,s192,0
1959,u1299,s381,0
1960,u1300,s426,0
1961,u1300,s1,0
1962,u1300,s528,0
1963,u1301,s676,0
1964,u1301,s634,0
1965,u1301,s43,0
1966,u1301,s512,0
1967,u1302,s248,0
1968,u1302,s718,0
1969,u1303,s512,0
1970,u1304,s242,0
1971,u1305,s190,0
1972,u1305,s748,0
1973,u1305,s138,0
1974,u1305,s52,0
1975,u1305,s767,0
1976,u1306,s434,0
1977,u1306,s99,0
1978,u1308,s379,0
1979,u1308,s391,0
1980,u1309,s500,0
1981,u1310,s122,0
1982,u1310,s149,0
1983,u1310,s189,0
1984,u1311,s35,0
1985,u1311,s7,0
1986,u1311,s43,0
1987,u1312,s173,0
1988,u1312,s512,0
1989,u1312,s337,0
1990,u1312,s391,0
1991,u1313,s299,0
1992,u1314,s461,0
1993,u1315,s125,0
1994,u1315,s339,0
1995,u1315,s16,0
1996,u1316,s42,0
1997,u1317,s481,0
1998,u1317,s351,0
1999,u1317,s99,0
2000,u1319,s598,0
2001,u1319,s391,0
2002,u1319,s351,0
2003,u1320,s568,0
2004,u1320,s444,0
2005,u1320,s308,0
2006,u1321,s389,0
2007,u1321,s305,0
2008,u1321,s281,0
2009,u1322,s499,0
2010,u1322,s352,0
2011,u1322,s623,0
2012,u1322,s362,0
2013,u1322,s621,0
2014,u1322,s273,0
2015,u1322,s670,0
2016,u1323,s742,0
2017,u1324,s165,0
2018,u1325,s35,0
2019,u1325,s175,0
2020,u1325,s438,0
2021,u1325,s637,0
2022,u1326,s526,0
2023,u1327,s142,0
2024,u1327,s236,0
2025,u1327,s499,0
2026,u1328,s505,0
2027,u1328,s573,0
2028,u1328,s617,0
2029,u1329,s499,0
2030,u1330,s58,0
2031,u1330,s407,0
2032,u1331,s183,0
2033,u1331,s267,0
2034,u1331,s361,0
2035,u1331,s465,0
2036,u1332,s512,0
2037,u1335,s98,0
2038,u1335,s31,0
2039,u1335,s571,0
2040,u1336,s389,0
2041,u1336,s637,0
2042,u1338,s379,0
2043,u1338,s260,0
2044,u1339,s214,0
2045,u1339,s687,0
2046,u1339,s526,0
2047,u1339,s108,0
2048,u1339,s257,0
2049,u1341,s598,0
2050,u1342,s32,0
2051,u1342,s352,0
2052,u1345,s526,0
2053,u1346,s63,0
2054,u1346,s391,0
2055,u1347,s620,0
2056,u1347,s347,0
2057,u1347,s319,0
2058,u1348,s725,0
2059,u1349,s732,0
2060,u1350,s43,0
2061,u1350,s342,0
2062,u1351,s320,0
2063,u1352,s722,0
2064,u1352,s258,0
2065,u1353,s587,0
2066,u1356,s29,0
2067,u1356,s5,0
2068,u1356,s286,0
2069,u1356,s752,0
2070,u1357,s736,0
2071,u1358,s214,0
2072,u1358,s49,0
2073,u1360,s120,0
2074,u1360,s428,0
2075,u1360,s434,0
2076,u1361,s242,0
2077,u1361,s248,0
2078,u1361,s257,0
2079,u1362,s622,0
2080,u1362,s393,0
2081,u1362,s540,0
2082,u1362,s72,0
2083,u1362,s621,0
2084,u1364,s84,0
2085,u1365,s32,0
2086,u1365,s354,0
2087,u1366,s717,0
2088,u1366,s342,0
2089,u1366,s736,0
2090,u1368,s282,0
2091,u1368,s530,0
2092,u1369,s733,0
2093,u1369,s522,0
2094,u1370,s423,0
2095,u1370,s633,0
2096,u1370,s140,0
2097,u1370,s417,0
2098,u1370,s238,0
2099,u1370,s317,0
2100,u1372,s364,0
2101,u1372,s501,0
2102,u1372,s522,0
2103,u1375,s248,0
2104,u1375,s308,0
2105,u1377,s468,0
2106,u1377,s617,0
2107,u1377,s634,0
2108,u1378,s281,0
2109,u1378,s405,0
2110,u1383,s498,0
2111,u1384,s52,0
2112,u1384,s513,0
2113,u1384,s337,0
2114,u1385,s697,0
2115,u1385,s180,0
2116,u1388,s419,0
2117,u1388,s438,0
2118,u1388,s747,0
2119,u1388,s625,0
2120,u1389,s412,0
2121,u1391,s112,0
2122,u1391,s436,0
2123,u1392,s787,0
2124,u1392,s499,0
2125,u1393,s334,0
2126,u1393,s562,0
2127,u1393,s124,0
2128,u1393,s461,0
2129,u1394,s490,0
2130,u1396,s61,0
2131,u1396,s218,0
2132,u1396,s443,0
2133,u1396,s707,0
2134,u1396,s506,0
2135,u1397,s316,0
2136,u1397,s455,0
2137,u1399,s142,0
2138,u1399,s442,0
2139,u1399,s534,0
2140,u1400,s35,0
2141,u1400,s389,0
2142,u1400,s683,0
2143,u1401,s686,0
2144,u1401,s639,0
2145,u1401,s177,0
2146,u1401,s59,0
2147,u1401,s450,0
2148,u1402,s45,0
2149,u1402,s557,0
2150,u1403,s519,0
2151,u1403,s177,0
2152,u1403,s129,0
2153,u1403,s674,0
2154,u1403,s70,0
2155,u1404,s439,0
2156,u1405,s288,0
2157,u1405,s584,0
2158,u1405,s107,0
2159,u1405,s61,0
2160,u1405,s459,0
2161,u1406,s325,0
2162,u1406,s330,0
2163,u1406,s69,0
2164,u1406,s706,0
2165,u1406,s725,0
2166,u1407,s534,0
2167,u1407,s601,0
2168,u1407,s166,0
2169,u1407,s125,0
2170,u1407,s758,0
2171,u1407,s464,0
2172,u1407,s91,0
2173,u1409,s568,0
2174,u1410,s663,0
2175,u1410,s292,0
2176,u1410,s741,0
2177,u1411,s618,0
2178,u1412,s104,0
2179,u1414,s617,0
2180,u1414,s507,0
2181,u1414,s401,0
2182,u1414,s148,0
2183,u1416,s680,0
2184,u1416,s377,0
2185,u1416,s233,0
2186,u1417,s101,0
2187,u1417,s47,0
2188,u1417,s718,0
2189,u1418,s248,0
2190,u1418,s556,0
2191,u1419,s302,0
2192,u1419,s227,0
2193,u1419,s275,0
2194,u1420,s215,0
2195,u1420,s498,0
2196,u1421,s183,0
2197,u1422,s682,0
2198,u1422,s342,0
2199,u1423,s624,0
2200,u1424,s32,0
2201,u1427,s437,0
2202,u1427,s760,0
2203,u1428,s153,0
2204,u1428,s6,0
2205,u1429,s480,0
2206,u1430,s337,0
2207,u1430,s25,0
2208,u1430,s792,0
2209,u1430,s112,0
2210,u1430,s257,0
2211,u1432,s644,0
2212,u1432,s410,0
2213,u1432,s331,0
2214,u1432,s202,0
2215,u1432,s72,0
2216,u1432,s301,0
2217,u1433,s471,0
2218,u1435,s361,0
2219,u1436,s412,0
2220,u1438,s562,0
2221,u1438,s251,0
2222,u1438,s522,0
2223,u1438,s517,0
2224,u1438,s362,0
2225,u1438,s164,0
2226,u1439,s616,0
2227,u1439,s760,0
2228,u1441,s409,0
2229,u1441,s432,0
2230,u1442,s273,0
2231,u1443,s261,0
2232,u1443,s271,0
2233,u1443,s446,0
2234,u1443,s617,0
2235,u1443,s284,0
2236,u1444,s37,0
2237,u1444,s229,0
2238,u1444,s764,0
2239,u1444,s214,0
2240,u1446,s270,0
2241,u1447,s637,0
2242,u1448,s728,0
2243,u1448,s432,0
2244,u1450,s548,0
2245,u1450,s440,0
2246,u1450,s620,0
2247,u1450,s377,0
2248,u1451,s555,0
2249,u1451,s232,0
2250,u1451,s704,0
2251,u1452,s627,0
2252,u1452,s50,0
2253,u1453,s522,0
2254,u1453,s43,0
2255,u1454,s62,0
2256,u1454,s196,0
2257,u1454,s37,0
2258,u1454,s739,0
2259,u1454,s46,0
2260,u1454,s640,0
2261,u1454,s344,0
2262,u1455,s411,0
2263,u1456,s571,0
2264,u1456,s569,0
2265,u1456,s302,0
2266,u1457,s5,0
2267,u1458,s718,0
2268,u1458,s571,0
2269,u1459,s430,0
2270,u1460,s668,0
2271,u1462,s464,0
2272,u1462,s465,0
2273,u1462,s494,0
2274,u1462,s558,0
2275,u1462,s605,0
2276,u1466,s473,0
2277,u1466,s663,0
2278,u1466,s226,0
2279,u1466,s267,0
2280,u1468,s146,0
2281,u1468,s531,0
2282,u1469,s425,0
2283,u1469,s573,0
2284,u1469,s723,0
2285,u1470,s277,0
2286,u1471,s63,0
2287,u1471,s173,0
2288,u1471,s229,0
2289,u1471,s601,0
2290,u1472,s35,0
2291,u1472,s466,0
2292,u1472,s623,0
2293,u1473,s756,0
2294,u1473,s473,0
2295,u1474,s467,0
2296,u1474,s473,0
2297,u1475,s9,0
2298,u1476,s617,0
2299,u1476,s527,0
2300,u1476,s337,0
2301,u1476,s362,0
2302,u1477,s39,0
2303,u1477,s520,0
2304,u1478,s235,0
2305,u1480,s204,0
2306,u1480,s203,0
2307,u1481,s65,0
